[
    {},
    {
        "name": "Arcos de Valdevez",
        "district": "Viana do Castelo",
        "region": "Região do Norte",
        "province": "Alto Minho"
    },
    {
        "name": "Caminha",
        "district": "Viana do Castelo",
        "region": "Região do Norte",
        "province": "Alto Minho"
    },
    {
        "name": "Melgaço",
        "district": "Viana do Castelo",
        "region": "Região do Norte",
        "province": "Alto Minho"
    },
    {
        "name": "Monção",
        "district": "Viana do Castelo",
        "region": "Região do Norte",
        "province": "Alto Minho"
    },
    {
        "name": "Paredes de Coura",
        "district": "Viana do Castelo",
        "region": "Região do Norte",
        "province": "Alto Minho"
    },
    {
        "name": "Ponte da Barca",
        "district": "Viana do Castelo",
        "region": "Região do Norte",
        "province": "Alto Minho"
    },
    {
        "name": "Ponte de Lima",
        "district": "Viana do Castelo",
        "region": "Região do Norte",
        "province": "Alto Minho"
    },
    {
        "name": "Valença",
        "district": "Viana do Castelo",
        "region": "Região do Norte",
        "province": "Alto Minho"
    },
    {
        "name": "Viana do Castelo",
        "district": "Viana do Castelo",
        "region": "Região do Norte",
        "province": "Alto Minho"
    },
    {
        "name": "Vila Nova de Cerveira",
        "district": "Viana do Castelo",
        "region": "Região do Norte",
        "province": "Alto Minho"
    },
    {
        "name": "Amares",
        "district": "Braga",
        "region": "Região do Norte",
        "province": "Cávado"
    },
    {
        "name": "Barcelos",
        "district": "Braga",
        "region": "Região do Norte",
        "province": "Cávado"
    },
    {
        "name": "Braga",
        "district": "Braga",
        "region": "Região do Norte",
        "province": "Cávado"
    },
    {
        "name": "Esposende",
        "district": "Braga",
        "region": "Região do Norte",
        "province": "Cávado"
    },
    {
        "name": "Terras de Bouro",
        "district": "Braga",
        "region": "Região do Norte",
        "province": "Cávado"
    },
    {
        "name": "Vila Verde",
        "district": "Braga",
        "region": "Região do Norte",
        "province": "Cávado"
    },
    {
        "name": "Cabeceiras de Basto",
        "district": "Braga",
        "region": "Região do Norte",
        "province": "Ave"
    },
    {
        "name": "Fafe",
        "district": "Braga",
        "region": "Região do Norte",
        "province": "Ave"
    },
    {
        "name": "Guimarães",
        "district": "Braga",
        "region": "Região do Norte",
        "province": "Ave"
    },
    {
        "name": "Mondim de Basto",
        "district": "Vila Real",
        "region": "Região do Norte",
        "province": "Ave"
    },
    {
        "name": "Póvoa de Lanhoso",
        "district": "Braga",
        "region": "Região do Norte",
        "province": "Ave"
    },
    {
        "name": "Vieira do Minho",
        "district": "Braga",
        "region": "Região do Norte",
        "province": "Ave"
    },
    {
        "name": "Vila Nova de Famalicão",
        "district": "Braga",
        "region": "Região do Norte",
        "province": "Ave"
    },
    {
        "name": "Vizela",
        "district": "Braga",
        "region": "Região do Norte",
        "province": "Ave"
    },
    {
        "name": "Arouca",
        "district": "Aveiro",
        "region": "Região do Norte",
        "province": "Área Metropolitana do Porto"
    },
    {
        "name": "Espinho",
        "district": "Aveiro",
        "region": "Região do Norte",
        "province": "Área Metropolitana do Porto"
    },
    {
        "name": "Gondomar",
        "district": "Porto",
        "region": "Região do Norte",
        "province": "Área Metropolitana do Porto"
    },
    {
        "name": "Maia",
        "district": "Porto",
        "region": "Região do Norte",
        "province": "Área Metropolitana do Porto"
    },
    {
        "name": "Matosinhos",
        "district": "Porto",
        "region": "Região do Norte",
        "province": "Área Metropolitana do Porto"
    },
    {
        "name": "Oliveira de Azeméis",
        "district": "Aveiro",
        "region": "Região do Norte",
        "province": "Área Metropolitana do Porto"
    },
    {
        "name": "Paredes",
        "district": "Porto",
        "region": "Região do Norte",
        "province": "Área Metropolitana do Porto"
    },
    {
        "name": "Porto",
        "district": "Porto",
        "region": "Região do Norte",
        "province": "Área Metropolitana do Porto"
    },
    {
        "name": "Póvoa de Varzim",
        "district": "Porto",
        "region": "Região do Norte",
        "province": "Área Metropolitana do Porto"
    },
    {
        "name": "Santa Maria da Feira",
        "district": "Aveiro",
        "region": "Região do Norte",
        "province": "Área Metropolitana do Porto"
    },
    {
        "name": "Santo Tirso",
        "district": "Porto",
        "region": "Região do Norte",
        "province": "Área Metropolitana do Porto"
    },
    {
        "name": "São João da Madeira",
        "district": "Aveiro",
        "region": "Região do Norte",
        "province": "Área Metropolitana do Porto"
    },
    {
        "name": "Trofa",
        "district": "Porto",
        "region": "Região do Norte",
        "province": "Área Metropolitana do Porto"
    },
    {
        "name": "Vale de Cambra",
        "district": "Aveiro",
        "region": "Região do Norte",
        "province": "Área Metropolitana do Porto"
    },
    {
        "name": "Valongo",
        "district": "Porto",
        "region": "Região do Norte",
        "province": "Área Metropolitana do Porto"
    },
    {
        "name": "Vila do Conde",
        "district": "Porto",
        "region": "Região do Norte",
        "province": "Área Metropolitana do Porto"
    },
    {
        "name": "Vila Nova de Gaia",
        "district": "Porto",
        "region": "Região do Norte",
        "province": "Área Metropolitana do Porto"
    },
    {
        "name": "Amarante",
        "district": "Porto",
        "region": "Região do Norte",
        "province": "Tâmega e Sousa"
    },
    {
        "name": "Baião",
        "district": "Porto",
        "region": "Região do Norte",
        "province": "Tâmega e Sousa"
    },
    {
        "name": "Castelo de Paiva",
        "district": "Aveiro",
        "region": "Região do Norte",
        "province": "Tâmega e Sousa"
    },
    {
        "name": "Celorico de Basto",
        "district": "Braga",
        "region": "Região do Norte",
        "province": "Tâmega e Sousa"
    },
    {
        "name": "Cinfães",
        "district": "Viseu",
        "region": "Região do Norte",
        "province": "Tâmega e Sousa"
    },
    {
        "name": "Felgueiras",
        "district": "Porto",
        "region": "Região do Norte",
        "province": "Tâmega e Sousa"
    },
    {
        "name": "Lousada",
        "district": "Porto",
        "region": "Região do Norte",
        "province": "Tâmega e Sousa"
    },
    {
        "name": "Marco de Canaveses",
        "district": "Porto",
        "region": "Região do Norte",
        "province": "Tâmega e Sousa"
    },
    {
        "name": "Paços de Ferreira",
        "district": "Porto",
        "region": "Região do Norte",
        "province": "Tâmega e Sousa"
    },
    {
        "name": "Penafiel",
        "district": "Porto",
        "region": "Região do Norte",
        "province": "Tâmega e Sousa"
    },
    {
        "name": "Resende",
        "district": "Viseu",
        "region": "Região do Norte",
        "province": "Tâmega e Sousa"
    },
    {
        "name": "Boticas",
        "district": "Vila Real",
        "region": "Região do Norte",
        "province": "Alto Tâmega"
    },
    {
        "name": "Chaves",
        "district": "Vila Real",
        "region": "Região do Norte",
        "province": "Alto Tâmega"
    },
    {
        "name": "Montalegre",
        "district": "Vila Real",
        "region": "Região do Norte",
        "province": "Alto Tâmega"
    },
    {
        "name": "Ribeira de Pena",
        "district": "Vila Real",
        "region": "Região do Norte",
        "province": "Alto Tâmega"
    },
    {
        "name": "Valpaços",
        "district": "Vila Real",
        "region": "Região do Norte",
        "province": "Alto Tâmega"
    },
    {
        "name": "Vila Pouca de Aguiar",
        "district": "Vila Real",
        "region": "Região do Norte",
        "province": "Alto Tâmega"
    },
    {
        "name": "Alijó",
        "district": "Vila Real",
        "region": "Região do Norte",
        "province": "Douro"
    },
    {
        "name": "Armamar",
        "district": "Viseu",
        "region": "Região do Norte",
        "province": "Douro"
    },
    {
        "name": "Carrazeda de Ansiães",
        "district": "Bragança",
        "region": "Região do Norte",
        "province": "Douro"
    },
    {
        "name": "Freixo de Espada à Cinta",
        "district": "Bragança",
        "region": "Região do Norte",
        "province": "Douro"
    },
    {
        "name": "Lamego",
        "district": "Viseu",
        "region": "Região do Norte",
        "province": "Douro"
    },
    {
        "name": "Mesão Frio",
        "district": "Vila Real",
        "region": "Região do Norte",
        "province": "Douro"
    },
    {
        "name": "Moimenta da Beira",
        "district": "Viseu",
        "region": "Região do Norte",
        "province": "Douro"
    },
    {
        "name": "Murça",
        "district": "Vila Real",
        "region": "Região do Norte",
        "province": "Douro"
    },
    {
        "name": "Penedono",
        "district": "Viseu",
        "region": "Região do Norte",
        "province": "Douro"
    },
    {
        "name": "Peso da Régua",
        "district": "Vila Real",
        "region": "Região do Norte",
        "province": "Douro"
    },
    {
        "name": "Sabrosa",
        "district": "Vila Real",
        "region": "Região do Norte",
        "province": "Douro"
    },
    {
        "name": "Santa Marta de Penaguião",
        "district": "Vila Real",
        "region": "Região do Norte",
        "province": "Douro"
    },
    {
        "name": "São João da Pesqueira",
        "district": "Viseu",
        "region": "Região do Norte",
        "province": "Douro"
    },
    {
        "name": "Sernancelhe",
        "district": "Viseu",
        "region": "Região do Norte",
        "province": "Douro"
    },
    {
        "name": "Tabuaço",
        "district": "Viseu",
        "region": "Região do Norte",
        "province": "Douro"
    },
    {
        "name": "Tarouca",
        "district": "Viseu",
        "region": "Região do Norte",
        "province": "Douro"
    },
    {
        "name": "Torre de Moncorvo",
        "district": "Bragança",
        "region": "Região do Norte",
        "province": "Douro"
    },
    {
        "name": "Vila Nova de Foz Côa",
        "district": "Guarda",
        "region": "Região do Norte",
        "province": "Douro"
    },
    {
        "name": "Vila Real",
        "district": "Vila Real",
        "region": "Região do Norte",
        "province": "Douro"
    },
    {
        "name": "Alfândega da Fé",
        "district": "Bragança",
        "region": "Região do Norte",
        "province": "Terras de Trás-os-Montes"
    },
    {
        "name": "Bragança",
        "district": "Bragança",
        "region": "Região do Norte",
        "province": "Terras de Trás-os-Montes"
    },
    {
        "name": "Macedo de Cavaleiros",
        "district": "Bragança",
        "region": "Região do Norte",
        "province": "Terras de Trás-os-Montes"
    },
    {
        "name": "Miranda do Douro",
        "district": "Bragança",
        "region": "Região do Norte",
        "province": "Terras de Trás-os-Montes"
    },
    {
        "name": "Mirandela",
        "district": "Bragança",
        "region": "Região do Norte",
        "province": "Terras de Trás-os-Montes"
    },
    {
        "name": "Mogadouro",
        "district": "Bragança",
        "region": "Região do Norte",
        "province": "Terras de Trás-os-Montes"
    },
    {
        "name": "Vila Flor",
        "district": "Bragança",
        "region": "Região do Norte",
        "province": "Terras de Trás-os-Montes"
    },
    {
        "name": "Vimioso",
        "district": "Bragança",
        "region": "Região do Norte",
        "province": "Terras de Trás-os-Montes"
    },
    {
        "name": "Vinhais",
        "district": "Bragança",
        "region": "Região do Norte",
        "province": "Terras de Trás-os-Montes"
    },
    {
        "name": "Águeda",
        "district": "Aveiro",
        "region": "Região do Centro",
        "province": "Região de Aveiro"
    },
    {
        "name": "Albergaria-a-Velha",
        "district": "Aveiro",
        "region": "Região do Centro",
        "province": "Região de Aveiro"
    },
    {
        "name": "Anadia",
        "district": "Aveiro",
        "region": "Região do Centro",
        "province": "Região de Aveiro"
    },
    {
        "name": "Aveiro",
        "district": "Aveiro",
        "region": "Região do Centro",
        "province": "Região de Aveiro"
    },
    {
        "name": "Estarreja",
        "district": "Aveiro",
        "region": "Região do Centro",
        "province": "Região de Aveiro"
    },
    {
        "name": "Ílhavo",
        "district": "Aveiro",
        "region": "Região do Centro",
        "province": "Região de Aveiro"
    },
    {
        "name": "Murtosa",
        "district": "Aveiro",
        "region": "Região do Centro",
        "province": "Região de Aveiro"
    },
    {
        "name": "Oliveira do Bairro",
        "district": "Aveiro",
        "region": "Região do Centro",
        "province": "Região de Aveiro"
    },
    {
        "name": "Ovar",
        "district": "Aveiro",
        "region": "Região do Centro",
        "province": "Região de Aveiro"
    },
    {
        "name": "Sever do Vouga",
        "district": "Aveiro",
        "region": "Região do Centro",
        "province": "Região de Aveiro"
    },
    {
        "name": "Vagos",
        "district": "Aveiro",
        "region": "Região do Centro",
        "province": "Região de Aveiro"
    },
    {
        "name": "Arganil",
        "district": "Coimbra",
        "region": "Região do Centro",
        "province": "Região de Coimbra"
    },
    {
        "name": "Cantanhede",
        "district": "Coimbra",
        "region": "Região do Centro",
        "province": "Região de Coimbra"
    },
    {
        "name": "Coimbra",
        "district": "Coimbra",
        "region": "Região do Centro",
        "province": "Região de Coimbra"
    },
    {
        "name": "Condeixa-a-Nova",
        "district": "Coimbra",
        "region": "Região do Centro",
        "province": "Região de Coimbra"
    },
    {
        "name": "Figueira da Foz",
        "district": "Coimbra",
        "region": "Região do Centro",
        "province": "Região de Coimbra"
    },
    {
        "name": "Góis",
        "district": "Coimbra",
        "region": "Região do Centro",
        "province": "Região de Coimbra"
    },
    {
        "name": "Lousã",
        "district": "Coimbra",
        "region": "Região do Centro",
        "province": "Região de Coimbra"
    },
    {
        "name": "Mealhada",
        "district": "Aveiro",
        "region": "Região do Centro",
        "province": "Região de Coimbra"
    },
    {
        "name": "Mira",
        "district": "Coimbra",
        "region": "Região do Centro",
        "province": "Região de Coimbra"
    },
    {
        "name": "Miranda do Corvo",
        "district": "Coimbra",
        "region": "Região do Centro",
        "province": "Região de Coimbra"
    },
    {
        "name": "Montemor-o-Velho",
        "district": "Coimbra",
        "region": "Região do Centro",
        "province": "Região de Coimbra"
    },
    {
        "name": "Mortágua",
        "district": "Viseu",
        "region": "Região do Centro",
        "province": "Região de Coimbra"
    },
    {
        "name": "Oliveira do Hospital",
        "district": "Coimbra",
        "region": "Região do Centro",
        "province": "Região de Coimbra"
    },
    {
        "name": "Pampilhosa da Serra",
        "district": "Coimbra",
        "region": "Região do Centro",
        "province": "Região de Coimbra"
    },
    {
        "name": "Penacova",
        "district": "Coimbra",
        "region": "Região do Centro",
        "province": "Região de Coimbra"
    },
    {
        "name": "Penela",
        "district": "Coimbra",
        "region": "Região do Centro",
        "province": "Região de Coimbra"
    },
    {
        "name": "Soure",
        "district": "Coimbra",
        "region": "Região do Centro",
        "province": "Região de Coimbra"
    },
    {
        "name": "Tábua",
        "district": "Coimbra",
        "region": "Região do Centro",
        "province": "Região de Coimbra"
    },
    {
        "name": "Vila Nova de Poiares",
        "district": "Coimbra",
        "region": "Região do Centro",
        "province": "Região de Coimbra"
    },
    {
        "name": "Batalha",
        "district": "Leiria",
        "region": "Região do Centro",
        "province": "Região de Leiria"
    },
    {
        "name": "Leiria",
        "district": "Leiria",
        "region": "Região do Centro",
        "province": "Região de Leiria"
    },
    {
        "name": "Marinha Grande",
        "district": "Leiria",
        "region": "Região do Centro",
        "province": "Região de Leiria"
    },
    {
        "name": "Pombal",
        "district": "Leiria",
        "region": "Região do Centro",
        "province": "Região de Leiria"
    },
    {
        "name": "Porto de Mós",
        "district": "Leiria",
        "region": "Região do Centro",
        "province": "Região de Leiria"
    },
    {
        "name": "Alvaiázere",
        "district": "Leiria",
        "region": "Região do Centro",
        "province": "Região de Leiria"
    },
    {
        "name": "Ansião",
        "district": "Leiria",
        "region": "Região do Centro",
        "province": "Região de Leiria"
    },
    {
        "name": "Castanheira de Pera",
        "district": "Leiria",
        "region": "Região do Centro",
        "province": "Região de Leiria"
    },
    {
        "name": "Figueiró dos Vinhos",
        "district": "Leiria",
        "region": "Região do Centro",
        "province": "Região de Leiria"
    },
    {
        "name": "Pedrógão Grande",
        "district": "Leiria",
        "region": "Região do Centro",
        "province": "Região de Leiria"
    },
    {
        "name": "Aguiar da Beira",
        "district": "Guarda",
        "region": "Região do Centro",
        "province": "Viseu Dão Lafões"
    },
    {
        "name": "Carregal do Sal",
        "district": "Viseu",
        "region": "Região do Centro",
        "province": "Viseu Dão Lafões"
    },
    {
        "name": "Castro Daire",
        "district": "Viseu",
        "region": "Região do Centro",
        "province": "Viseu Dão Lafões"
    },
    {
        "name": "Mangualde",
        "district": "Viseu",
        "region": "Região do Centro",
        "province": "Viseu Dão Lafões"
    },
    {
        "name": "Nelas",
        "district": "Viseu",
        "region": "Região do Centro",
        "province": "Viseu Dão Lafões"
    },
    {
        "name": "Oliveira de Frades",
        "district": "Viseu",
        "region": "Região do Centro",
        "province": "Viseu Dão Lafões"
    },
    {
        "name": "Penalva do Castelo",
        "district": "Viseu",
        "region": "Região do Centro",
        "province": "Viseu Dão Lafões"
    },
    {
        "name": "Santa Comba Dão",
        "district": "Viseu",
        "region": "Região do Centro",
        "province": "Viseu Dão Lafões"
    },
    {
        "name": "São Pedro do Sul",
        "district": "Viseu",
        "region": "Região do Centro",
        "province": "Viseu Dão Lafões"
    },
    {
        "name": "Sátão",
        "district": "Viseu",
        "region": "Região do Centro",
        "province": "Viseu Dão Lafões"
    },
    {
        "name": "Tondela",
        "district": "Viseu",
        "region": "Região do Centro",
        "province": "Viseu Dão Lafões"
    },
    {
        "name": "Vila Nova de Paiva",
        "district": "Viseu",
        "region": "Região do Centro",
        "province": "Viseu Dão Lafões"
    },
    {
        "name": "Viseu",
        "district": "Viseu",
        "region": "Região do Centro",
        "province": "Viseu Dão Lafões"
    },
    {
        "name": "Vouzela",
        "district": "Viseu",
        "region": "Região do Centro",
        "province": "Viseu Dão Lafões"
    },
    {
        "name": "Almeida",
        "district": "Guarda",
        "region": "Região do Centro",
        "province": "Beiras e Serra da Estrela"
    },
    {
        "name": "Belmonte",
        "district": "Castelo Branco",
        "region": "Região do Centro",
        "province": "Beiras e Serra da Estrela"
    },
    {
        "name": "Celorico da Beira",
        "district": "Guarda",
        "region": "Região do Centro",
        "province": "Beiras e Serra da Estrela"
    },
    {
        "name": "Covilhã",
        "district": "Castelo Branco",
        "region": "Região do Centro",
        "province": "Beiras e Serra da Estrela"
    },
    {
        "name": "Figueira de Castelo Rodrigo",
        "district": "Guarda",
        "region": "Região do Centro",
        "province": "Beiras e Serra da Estrela"
    },
    {
        "name": "Fornos de Algodres",
        "district": "Guarda",
        "region": "Região do Centro",
        "province": "Beiras e Serra da Estrela"
    },
    {
        "name": "Fundão",
        "district": "Castelo Branco",
        "region": "Região do Centro",
        "province": "Beiras e Serra da Estrela"
    },
    {
        "name": "Gouveia",
        "district": "Guarda",
        "region": "Região do Centro",
        "province": "Beiras e Serra da Estrela"
    },
    {
        "name": "Guarda",
        "district": "Guarda",
        "region": "Região do Centro",
        "province": "Beiras e Serra da Estrela"
    },
    {
        "name": "Manteigas",
        "district": "Guarda",
        "region": "Região do Centro",
        "province": "Beiras e Serra da Estrela"
    },
    {
        "name": "Mêda",
        "district": "Guarda",
        "region": "Região do Centro",
        "province": "Beiras e Serra da Estrela"
    },
    {
        "name": "Pinhel",
        "district": "Guarda",
        "region": "Região do Centro",
        "province": "Beiras e Serra da Estrela"
    },
    {
        "name": "Sabugal",
        "district": "Guarda",
        "region": "Região do Centro",
        "province": "Beiras e Serra da Estrela"
    },
    {
        "name": "Seia",
        "district": "Guarda",
        "region": "Região do Centro",
        "province": "Beiras e Serra da Estrela"
    },
    {
        "name": "Trancoso",
        "district": "Guarda",
        "region": "Região do Centro",
        "province": "Beiras e Serra da Estrela"
    },
    {
        "name": "Castelo Branco",
        "district": "Castelo Branco",
        "region": "Região do Centro",
        "province": "Beira Baixa"
    },
    {
        "name": "Idanha-a-Nova",
        "district": "Castelo Branco",
        "region": "Região do Centro",
        "province": "Beira Baixa"
    },
    {
        "name": "Oleiros",
        "district": "Castelo Branco",
        "region": "Região do Centro",
        "province": "Beira Baixa"
    },
    {
        "name": "Penamacor",
        "district": "Castelo Branco",
        "region": "Região do Centro",
        "province": "Beira Baixa"
    },
    {
        "name": "Proença-a-Nova",
        "district": "Castelo Branco",
        "region": "Região do Centro",
        "province": "Beira Baixa"
    },
    {
        "name": "Vila Velha de Ródão",
        "district": "Castelo Branco",
        "region": "Região do Centro",
        "province": "Beira Baixa"
    },
    {
        "name": "Alcobaça",
        "district": "Leiria",
        "region": "Região do Centro",
        "province": "Oeste"
    },
    {
        "name": "Alenquer",
        "district": "Lisboa",
        "region": "Região do Centro",
        "province": "Oeste"
    },
    {
        "name": "Arruda dos Vinhos",
        "district": "Lisboa",
        "region": "Região do Centro",
        "province": "Oeste"
    },
    {
        "name": "Bombarral",
        "district": "Leiria",
        "region": "Região do Centro",
        "province": "Oeste"
    },
    {
        "name": "Cadaval",
        "district": "Lisboa",
        "region": "Região do Centro",
        "province": "Oeste"
    },
    {
        "name": "Caldas da Rainha",
        "district": "Leiria",
        "region": "Região do Centro",
        "province": "Oeste"
    },
    {
        "name": "Lourinhã",
        "district": "Lisboa",
        "region": "Região do Centro",
        "province": "Oeste"
    },
    {
        "name": "Nazaré",
        "district": "Leiria",
        "region": "Região do Centro",
        "province": "Oeste"
    },
    {
        "name": "Óbidos",
        "district": "Leiria",
        "region": "Região do Centro",
        "province": "Oeste"
    },
    {
        "name": "Peniche",
        "district": "Leiria",
        "region": "Região do Centro",
        "province": "Oeste"
    },
    {
        "name": "Sobral de Monte Agraço",
        "district": "Lisboa",
        "region": "Região do Centro",
        "province": "Oeste"
    },
    {
        "name": "Torres Vedras",
        "district": "Lisboa",
        "region": "Região do Centro",
        "province": "Oeste"
    },
    {
        "name": "Abrantes",
        "district": "Santarém",
        "region": "Região do Centro",
        "province": "Médio Tejo"
    },
    {
        "name": "Alcanena",
        "district": "Santarém",
        "region": "Região do Centro",
        "province": "Médio Tejo"
    },
    {
        "name": "Constância",
        "district": "Santarém",
        "region": "Região do Centro",
        "province": "Médio Tejo"
    },
    {
        "name": "Entroncamento",
        "district": "Santarém",
        "region": "Região do Centro",
        "province": "Médio Tejo"
    },
    {
        "name": "Ferreira do Zêzere",
        "district": "Santarém",
        "region": "Região do Centro",
        "province": "Médio Tejo"
    },
    {
        "name": "Mação ",
        "district": "Santarém",
        "region": "Região do Centro",
        "province": "Médio Tejo"
    },
    {
        "name": "Ourém",
        "district": "Santarém",
        "region": "Região do Centro",
        "province": "Médio Tejo"
    },
    {
        "name": "Sardoal",
        "district": "Santarém",
        "region": "Região do Centro",
        "province": "Médio Tejo"
    },
    {
        "name": "Sertã",
        "district": "Castelo Branco",
        "region": "Região do Centro",
        "province": "Médio Tejo"
    },
    {
        "name": "Tomar",
        "district": "Santarém",
        "region": "Região do Centro",
        "province": "Médio Tejo"
    },
    {
        "name": "Torres Novas",
        "district": "Santarém",
        "region": "Região do Centro",
        "province": "Médio Tejo"
    },
    {
        "name": "Vila de Rei",
        "district": "Castelo Branco",
        "region": "Região do Centro",
        "province": "Médio Tejo"
    },
    {
        "name": "Vila Nova da Barquinha",
        "district": "Santarém",
        "region": "Região do Centro",
        "province": "Médio Tejo"
    },
    {
        "name": "Alcochete",
        "district": "Setúbal",
        "region": "Região de Lisboa",
        "province": "Área Metropolitana de Lisboa"
    },
    {
        "name": "Almada",
        "district": "Setúbal",
        "region": "Região de Lisboa",
        "province": "Área Metropolitana de Lisboa"
    },
    {
        "name": "Amadora",
        "district": "Lisboa",
        "region": "Região de Lisboa",
        "province": "Área Metropolitana de Lisboa"
    },
    {
        "name": "Barreiro",
        "district": "Setúbal",
        "region": "Região de Lisboa",
        "province": "Área Metropolitana de Lisboa"
    },
    {
        "name": "Cascais",
        "district": "Lisboa",
        "region": "Região de Lisboa",
        "province": "Área Metropolitana de Lisboa"
    },
    {
        "name": "Lisboa",
        "district": "Lisboa",
        "region": "Região de Lisboa",
        "province": "Área Metropolitana de Lisboa"
    },
    {
        "name": "Loures",
        "district": "Lisboa",
        "region": "Região de Lisboa",
        "province": "Área Metropolitana de Lisboa"
    },
    {
        "name": "Mafra",
        "district": "Lisboa",
        "region": "Região de Lisboa",
        "province": "Área Metropolitana de Lisboa"
    },
    {
        "name": "Moita",
        "district": "Setúbal",
        "region": "Região de Lisboa",
        "province": "Área Metropolitana de Lisboa"
    },
    {
        "name": "Montijo",
        "district": "Setúbal",
        "region": "Região de Lisboa",
        "province": "Área Metropolitana de Lisboa"
    },
    {
        "name": "Odivelas",
        "district": "Lisboa",
        "region": "Região de Lisboa",
        "province": "Área Metropolitana de Lisboa"
    },
    {
        "name": "Oeiras",
        "district": "Lisboa",
        "region": "Região de Lisboa",
        "province": "Área Metropolitana de Lisboa"
    },
    {
        "name": "Palmela",
        "district": "Setúbal",
        "region": "Região de Lisboa",
        "province": "Área Metropolitana de Lisboa"
    },
    {
        "name": "Seixal",
        "district": "Setúbal",
        "region": "Região de Lisboa",
        "province": "Área Metropolitana de Lisboa"
    },
    {
        "name": "Sesimbra",
        "district": "Setúbal",
        "region": "Região de Lisboa",
        "province": "Área Metropolitana de Lisboa"
    },
    {
        "name": "Setúbal",
        "district": "Setúbal",
        "region": "Região de Lisboa",
        "province": "Área Metropolitana de Lisboa"
    },
    {
        "name": "Sintra",
        "district": "Lisboa",
        "region": "Região de Lisboa",
        "province": "Área Metropolitana de Lisboa"
    },
    {
        "name": "Vila Franca de Xira",
        "district": "Lisboa",
        "region": "Região de Lisboa",
        "province": "Área Metropolitana de Lisboa"
    },
    {
        "name": "Almeirim",
        "district": "Santarém",
        "region": "Alentejo",
        "province": "Lezíria do Tejo"
    },
    {
        "name": "Alpiarça",
        "district": "Santarém",
        "region": "Alentejo",
        "province": "Lezíria do Tejo"
    },
    {
        "name": "Azambuja",
        "district": "Lisboa",
        "region": "Alentejo",
        "province": "Lezíria do Tejo"
    },
    {
        "name": "Benavente",
        "district": "Santarém",
        "region": "Alentejo",
        "province": "Lezíria do Tejo"
    },
    {
        "name": "Cartaxo",
        "district": "Santarém",
        "region": "Alentejo",
        "province": "Lezíria do Tejo"
    },
    {
        "name": "Chamusca",
        "district": "Santarém",
        "region": "Alentejo",
        "province": "Lezíria do Tejo"
    },
    {
        "name": "Coruche",
        "district": "Santarém",
        "region": "Alentejo",
        "province": "Lezíria do Tejo"
    },
    {
        "name": "Golegã",
        "district": "Santarém",
        "region": "Alentejo",
        "province": "Lezíria do Tejo"
    },
    {
        "name": "Rio Maior",
        "district": "Santarém",
        "region": "Alentejo",
        "province": "Lezíria do Tejo"
    },
    {
        "name": "Salvaterra de Magos",
        "district": "Santarém",
        "region": "Alentejo",
        "province": "Lezíria do Tejo"
    },
    {
        "name": "Santarém",
        "district": "Santarém",
        "region": "Alentejo",
        "province": "Lezíria do Tejo"
    },
    {
        "name": "Alcácer do Sal",
        "district": "Setúbal",
        "region": "Alentejo",
        "province": "Alentejo Litoral"
    },
    {
        "name": "Grândola",
        "district": "Setúbal",
        "region": "Alentejo",
        "province": "Alentejo Litoral"
    },
    {
        "name": "Odemira",
        "district": "Beja",
        "region": "Alentejo",
        "province": "Alentejo Litoral"
    },
    {
        "name": "Santiago do Cacém",
        "district": "Setúbal",
        "region": "Alentejo",
        "province": "Alentejo Litoral"
    },
    {
        "name": "Sines",
        "district": "Setúbal",
        "region": "Alentejo",
        "province": "Alentejo Litoral"
    },
    {
        "name": "Alter do Chão",
        "district": "Portalegre",
        "region": "Alentejo",
        "province": "Alto Alentejo"
    },
    {
        "name": "Arronches",
        "district": "Portalegre",
        "region": "Alentejo",
        "province": "Alto Alentejo"
    },
    {
        "name": "Avis",
        "district": "Portalegre",
        "region": "Alentejo",
        "province": "Alto Alentejo"
    },
    {
        "name": "Campo Maior",
        "district": "Portalegre",
        "region": "Alentejo",
        "province": "Alto Alentejo"
    },
    {
        "name": "Castelo de Vide",
        "district": "Portalegre",
        "region": "Alentejo",
        "province": "Alto Alentejo"
    },
    {
        "name": "Crato",
        "district": "Portalegre",
        "region": "Alentejo",
        "province": "Alto Alentejo"
    },
    {
        "name": "Elvas",
        "district": "Portalegre",
        "region": "Alentejo",
        "province": "Alto Alentejo"
    },
    {
        "name": "Fronteira",
        "district": "Portalegre",
        "region": "Alentejo",
        "province": "Alto Alentejo"
    },
    {
        "name": "Gavião",
        "district": "Portalegre",
        "region": "Alentejo",
        "province": "Alto Alentejo"
    },
    {
        "name": "Marvão",
        "district": "Portalegre",
        "region": "Alentejo",
        "province": "Alto Alentejo"
    },
    {
        "name": "Monforte",
        "district": "Portalegre",
        "region": "Alentejo",
        "province": "Alto Alentejo"
    },
    {
        "name": "Nisa",
        "district": "Portalegre",
        "region": "Alentejo",
        "province": "Alto Alentejo"
    },
    {
        "name": "Ponte de Sor",
        "district": "Portalegre",
        "region": "Alentejo",
        "province": "Alto Alentejo"
    },
    {
        "name": "Portalegre",
        "district": "Portalegre",
        "region": "Alentejo",
        "province": "Alto Alentejo"
    },
    {
        "name": "Sousel",
        "district": "Portalegre",
        "region": "Alentejo",
        "province": "Alto Alentejo"
    },
    {
        "name": "Alandroal",
        "district": "Évora",
        "region": "Alentejo",
        "province": "Alentejo Central"
    },
    {
        "name": "Arraiolos",
        "district": "Évora",
        "region": "Alentejo",
        "province": "Alentejo Central"
    },
    {
        "name": "Borba",
        "district": "Évora",
        "region": "Alentejo",
        "province": "Alentejo Central"
    },
    {
        "name": "Estremoz",
        "district": "Évora",
        "region": "Alentejo",
        "province": "Alentejo Central"
    },
    {
        "name": "Évora",
        "district": "Évora",
        "region": "Alentejo",
        "province": "Alentejo Central"
    },
    {
        "name": "Montemor-o-Novo",
        "district": "Évora",
        "region": "Alentejo",
        "province": "Alentejo Central"
    },
    {
        "name": "Mora",
        "district": "Évora",
        "region": "Alentejo",
        "province": "Alentejo Central"
    },
    {
        "name": "Mourão",
        "district": "Évora",
        "region": "Alentejo",
        "province": "Alentejo Central"
    },
    {
        "name": "Portel",
        "district": "Évora",
        "region": "Alentejo",
        "province": "Alentejo Central"
    },
    {
        "name": "Redondo",
        "district": "Évora",
        "region": "Alentejo",
        "province": "Alentejo Central"
    },
    {
        "name": "Reguengos de Monsaraz",
        "district": "Évora",
        "region": "Alentejo",
        "province": "Alentejo Central"
    },
    {
        "name": "Vendas Novas",
        "district": "Évora",
        "region": "Alentejo",
        "province": "Alentejo Central"
    },
    {
        "name": "Viana do Alentejo",
        "district": "Évora",
        "region": "Alentejo",
        "province": "Alentejo Central"
    },
    {
        "name": "Vila Viçosa",
        "district": "Évora",
        "region": "Alentejo",
        "province": "Alentejo Central"
    },
    {
        "name": "Aljustrel",
        "district": "Beja",
        "region": "Alentejo",
        "province": "Baixo Alentejo"
    },
    {
        "name": "Almodôvar",
        "district": "Beja",
        "region": "Alentejo",
        "province": "Baixo Alentejo"
    },
    {
        "name": "Alvito",
        "district": "Beja",
        "region": "Alentejo",
        "province": "Baixo Alentejo"
    },
    {
        "name": "Barrancos",
        "district": "Beja",
        "region": "Alentejo",
        "province": "Baixo Alentejo"
    },
    {
        "name": "Beja",
        "district": "Beja",
        "region": "Alentejo",
        "province": "Baixo Alentejo"
    },
    {
        "name": "Castro Verde",
        "district": "Beja",
        "region": "Alentejo",
        "province": "Baixo Alentejo"
    },
    {
        "name": "Cuba",
        "district": "Beja",
        "region": "Alentejo",
        "province": "Baixo Alentejo"
    },
    {
        "name": "Ferreira do Alentejo",
        "district": "Beja",
        "region": "Alentejo",
        "province": "Baixo Alentejo"
    },
    {
        "name": "Mértola",
        "district": "Beja",
        "region": "Alentejo",
        "province": "Baixo Alentejo"
    },
    {
        "name": "Moura",
        "district": "Beja",
        "region": "Alentejo",
        "province": "Baixo Alentejo"
    },
    {
        "name": "Ourique",
        "district": "Beja",
        "region": "Alentejo",
        "province": "Baixo Alentejo"
    },
    {
        "name": "Serpa",
        "district": "Beja",
        "region": "Alentejo",
        "province": "Baixo Alentejo"
    },
    {
        "name": "Vidigueira",
        "district": "Beja",
        "region": "Alentejo",
        "province": "Baixo Alentejo"
    },
    {
        "name": "Albufeira",
        "district": "Faro",
        "region": "Algarve",
        "province": "Algarve"
    },
    {
        "name": "Alcoutim",
        "district": "Faro",
        "region": "Algarve",
        "province": "Algarve"
    },
    {
        "name": "Aljezur",
        "district": "Faro",
        "region": "Algarve",
        "province": "Algarve"
    },
    {
        "name": "Castro Marim",
        "district": "Faro",
        "region": "Algarve",
        "province": "Algarve"
    },
    {
        "name": "Faro",
        "district": "Faro",
        "region": "Algarve",
        "province": "Algarve"
    },
    {
        "name": "Lagoa",
        "district": "Faro",
        "region": "Algarve",
        "province": "Algarve"
    },
    {
        "name": "Lagos",
        "district": "Faro",
        "region": "Algarve",
        "province": "Algarve"
    },
    {
        "name": "Loulé",
        "district": "Faro",
        "region": "Algarve",
        "province": "Algarve"
    },
    {
        "name": "Monchique",
        "district": "Faro",
        "region": "Algarve",
        "province": "Algarve"
    },
    {
        "name": "Olhão",
        "district": "Faro",
        "region": "Algarve",
        "province": "Algarve"
    },
    {
        "name": "Portimão",
        "district": "Faro",
        "region": "Algarve",
        "province": "Algarve"
    },
    {
        "name": "São Brás de Alportel",
        "district": "Faro",
        "region": "Algarve",
        "province": "Algarve"
    },
    {
        "name": "Silves",
        "district": "Faro",
        "region": "Algarve",
        "province": "Algarve"
    },
    {
        "name": "Tavira",
        "district": "Faro",
        "region": "Algarve",
        "province": "Algarve"
    },
    {
        "name": "Vila do Bispo",
        "district": "Faro",
        "region": "Algarve",
        "province": "Algarve"
    },
    {
        "name": "Vila Real de Santo António",
        "district": "Faro",
        "region": "Algarve",
        "province": "Algarve"
    }
]